 approach_a , approach_b 
0,0
0,0
654988.8619,0
0,0
472751.5249,2130225.822
253713.7491,10267967.89
1000950.986,0
402964.3232,0
422901.2988,5346708.842
0,0
1660020.869,0
2424490.7,0
2181446.839,0
69023.96429,0
484778.3896,0
792383.5743,4008942.075
435122.3238,4048852.213
1681803.621,0
479199.8279,9373155.111
494865.1543,8418145.845
0,0
767174.7302,7149215.711
1096091.047,0
876579.504,0
111973.188,0
841383.9627,0
1381843.934,0
0,0
1166619.738,0
232906.1824,0
461428.455,0
198275.2547,0
779057.9373,6000647.191
0,5291601.564
505118.7458,0
0,0
528294.7423,9050761.035
328171.6907,0
272877.4404,0
0,0
0,0
1178306.005,0
1139937.983,7628384.617
684662.2455,16419824.14
2241752.825,0
869853.0523,0
520872.281,8291011.488
212364.4842,0
307342.6243,0
199497.0903,0
0,0
644503.7477,0
878931.1515,0
592758.1593,0
446676.2319,0
546850.2285,0
2460208.183,4393441.182
368619.4273,0
0,0
843227.158,5225687.577
1406424.326,4250797.095
752293.3982,0
623018.3481,0
0,0
311930.3082,0
1434955.178,0
73768.57207,0
398484.5591,0
220878.6774,7644467.674
258281.0308,0
353294.1976,0
797051.7977,0
0,0
94360.93129,0
2419078.819,0
0,0
1042743.984,10553417.59
564356.6593,0
411420.1124,0
191563.5696,0
369169.2597,0
0,0
982169.5653,10523775.79
4725038.705,0
564125.1919,0
569987.5797,3546840.632
391809.4371,0
623378.884,0
760141.2661,8320845.885
1512291.377,0
459879.1474,2366700.101
1723237.234,6086319.978
328052.602,0
220760.5402,0
261896.6298,0
650215.8755,0
368333.6025,0
166849.1663,0
1488317.476,7792024.592
321697.9146,3193599.746
1817477.171,0
80185.77356,0
606826.5399,0
262632.0393,0
1081518.347,0
0,0
265119.3853,0
373087.5664,0
412525.0006,4071130.516
485345.5369,0
1441184.27,0
625464.9506,0
0,0
485612.0931,0
948653.0027,0
495086.6358,0
662712.5824,0
120390.4693,0
649132.5365,6013831.351
717406.5864,6980577.032
1686635.381,3962500.086
1783956.381,0
1125051.567,0
0,0
433762.6711,0
0,0
1138182.372,0
273304.3585,0
461766.7062,0
271992.1958,0
319934.7028,7150661.066
1185554.24,9155269.17
1642875.309,0
674538.2923,8770655.127
1715979.52,6326795.735
608828.6013,0
199801.1305,0
1095422.493,5995631.169
0,0
1743135.98,3380678.605
612249.5901,7241666.88
123311.4603,0
829417.6979,5126863.46
805457.1599,0
646321.1671,0
0,0
0,0
526344.0669,0
0,0
0,1923736.986
264056.5654,0
1435991.101,4908389.409
1274981.457,0
713665.3954,0
2473072.025,0
357779.4553,0
302557.409,11153594.68
0,0
323164.4237,0
517604.5271,0
1053428.807,0
710611.2375,0
1460891.019,10760698.25
165238.1802,0
379904.5632,0
506385.0361,7183763.623
734804.561,0
429103.343,0
610118.7543,0
265570.5026,0
953174.6626,5665927.034
0,0
758123.3093,0
343900.5105,0
450241.9579,0
424489.2912,0
562649.2675,0
723492.2475,11655737.74
0,0
600796.9538,8484395.437
427501.3449,0
0,3791951.742
705237.2164,0
736664.6186,0
2552299.841,0
1800224.768,0
410904.9367,0
522378.779,0
808965.2629,0
1360164.771,0
0,6842418.978
0,0
3440351.458,2074142.655
474742.4002,4517307.948
556888.2777,7905813.617
190741.7417,0
635986.5376,0
716345.6997,0
1195982.712,0
589887.1802,0
605689.0044,0
540278.7652,0
427108.2098,0
204885.3161,0
226965.5491,0
721902.265,2285183.98
552033.3096,0
76488.19007,0
1034412.586,0
413743.1679,0
1391626.783,0
187306.2899,0
327586.6036,0
226826.9241,0
416503.0281,0
293440.0517,0
0,0
2047240.09,0
0,0
821523.4095,0
702538.5232,7954223.295
287645.0231,0
357554.8735,9363608.151
0,0
262153.3801,14034769.5
814557.2883,8463018.392
1138261.719,0
0,0
249051.9831,0
0,0
309887.9054,0
344594.6214,9026467.686
766621.5895,0
255808.3942,5048423.667
482623.9415,0
2144728.726,0
398856.8356,0
54218.90714,1952287.673
774970.3324,4480289.978
389271.9642,0
761771.2792,3187028.87
373449.1808,0
2355300.084,0
1709816.984,0
479840.6854,0
603557.5768,0
777570.3042,0
1032729.887,0
269241.829,0
374930.5982,0
0,0
725788.1677,10194465.69
675987.9799,0
390387.4092,0
1148732.519,9084264.723
1268915.605,0
0,0
430877.8788,0
150090.6554,0
404575.3978,0
1040757.168,9257607.813
658721.6029,5876023.114
186455.315,5075413.698
842723.6171,0
605370.3175,0
468661.4,0
207832.1116,3919752.173
279194.9305,0
421465.3109,0
807642.5515,3511027.716
98388.24751,0
697642.9132,0
0,0
284585.0824,0
409549.8852,0
568313.6925,0
957264.258,0
757868.9563,0
838072.4841,0
387124.9582,7008047.193
781668.44,0
74777.55035,0
468613.0316,3523614.96
583773.2895,0
469439.0565,0
0,0
425278.0986,10830574.76
527735.6205,0
1461319.801,7164339.809
461427.4789,0
1941837.57,0
114659.4134,3143416.907
574787.803,0
707318.8787,0
364073.3473,7518736.179
243218.2978,4008814.822
303624.0184,0
1407912.731,8479585.247
288943.3211,0
0,0
771696.7048,0
305933.933,0
1207740.426,0
372761.5836,0
822780.6407,0
0,0
253167.4128,0
1304210.676,0
1566332.848,0
744531.354,0
1237167.954,0
1706351.3,0
214141.5346,0
252605.5007,8556525.089
538672.7873,6125541.388
926077.959,0
1143797.05,0
946862.8374,0
833401.8194,0
434098.4292,0
224515.0797,1705247.026
584775.7642,9051642.094
404412.1158,5795785.45
2368238.485,0
899639.3463,5981700.819
0,0
520896.1231,3652746.28
171043.9044,0
374111.0622,0
566627.2807,0
627309.9444,0
0,0
1951361.356,9598792.235
1513808.229,13926665.51
336073.2535,4167719.796
460016.2899,0
410129.7849,0
458322.5588,9652866.171
882210.0604,0
577338.783,0
1498970.347,6514716.369
437606.0874,0
500178.9568,0
225044.7141,0
748090.8705,7368690.556
826944.5247,0
2108010.822,6476468.623
421194.638,0
489947.7242,0
313026.1951,4744006.667
912377.46,0
1037842.598,0
0,0
882153.3959,0
453337.0798,0
379276.1402,0
156046.5801,0
334275.7358,9064440.2
170836.9759,0
123430.7312,0
1715150.956,0
907807.1746,0
142285.9689,0
0,9220692.738
324183.7329,7901383.44
0,7453444.32
1156107.75,0
1447349.664,0
814306.6646,5590906.257
186380.8406,0
683153.5616,0
675817.7566,0
546652.0835,4753569.484
251674.393,8312002.495
152387.8435,0
0,6400638.116
496872.3345,2589219.248
934873.2538,0
1015811.387,0
119456.6755,0
2851472.419,0
426428.7086,0
582240.4423,0
87976.42799,0
134467.1574,0
691986.7355,4797905.85
1147634.043,0
618167.9126,0
80842.14581,0
976922.847,0
816471.6714,0
505971.6556,0
368364.7765,2775441.923
1647578.367,9781859.861
0,0
673844.138,0
1104612.722,12907127.61
0,5937304.156
1213115.442,9795768.12
652235.6708,0
326561.4801,0
616625.0807,0
1099949.88,0
1170712.949,0
891134.0439,0
318839.073,0
81286.21965,0
126476.027,0
368326.5038,0
318787.6902,0
281670.9145,4812523.264
1534418.546,0
0,0
576489.2111,0
745301.822,0
493649.5283,4102743.077
828691.3275,12136817.69
263384.3202,0
163084.2371,3191188.169
415720.6302,4487304.2
507291.4558,0
181412.2838,5868129.623
776638.8445,0
318653.3796,6063615.79
266530.9098,0
299440.9719,0
1051136.247,3052487.903
0,0
1266198.323,0
181307.0231,0
695863.0843,0
330867.0885,0
0,0
2130791.867,0
584404.122,0
2304602.771,7995036.521
963041.6135,939240.2967
209351.2204,0
287619.5929,0
346067.4023,0
0,0
255653.7761,0
175473.3674,0
897815.1035,0
1279337.795,0
1174893.142,0
489382.7088,0
482478.6961,2859494.467
1358591.35,0
514494.5147,5761672.041
336511.1246,0
1234021.363,0
958624.9345,3793146.457
1062010.648,0
0,0
0,0
377503.0928,0
1209087.183,0
709787.8919,0
578148.2495,0
410505.7929,0
664494.8469,0
0,0
1007382.024,0
397088.0411,3716457.358
0,0
75255.84036,0
755846.6432,9113273.281
696348.2588,0
1709300.185,0
0,0
524779.9091,0
189753.9013,0
725693.5648,0
1534877.581,0
740485.9237,0
1011203.276,0
296907.1512,0
664896.1619,0
0,0
262590.15,0
374736.6416,0
857890.2848,0
432361.5089,0
0,0
367458.2645,0
155063.1906,0
275735.6437,0
722348.9751,0
1483203.188,0
317404.6965,0
916767.9428,0
147089.4901,0
377782.541,0
1347692.619,8992353.842
191736.7383,10919078.33
391151.456,0
629010.9299,0
1191543.726,0
1438789.048,0
586446.5139,0
1455118.798,0
604498.3785,0
244453.1032,0
0,0
0,4858108.38
704121.0286,0
228960.7138,1842469.402
1063576.919,0
304256.0264,0
466914.8135,0
220869.0048,1085877.824
978275.9067,0
504602.2712,0
2855290.469,0
253195.4731,0
920842.7159,0
558717.4937,0
0,0
586396.2698,0
413216.6163,0
295475.831,0
251496.8563,0
452979.9258,6417940.042
414933.2557,0
0,0
336794.5868,0
1655042.338,0
1099058.308,0
100970.7105,0
332615.9897,13441440.43
884738.3401,0
748353.5246,3640696.874
794929.3821,0
0,0
2179123.987,0
753723.5358,0
209689.69,8427590.173
563958.1771,6585273.808
265515.3999,5952934.378
685449.0452,5744131.642
398980.7125,0
539708.1238,0
1555014.407,0
265140.4172,0
0,0
397433.9993,0
767920.0355,0
1180391.169,9065439.024
461891.4535,0
2669064.141,0
1331747.987,0
4136307.358,3941644.695
179183.1379,0
175089.9595,0
455996.4491,0
595553.79,0
458341.6357,0
1479357.181,0
466997.0932,0
1152105.653,0
596228.276,0
1620382.108,0
564141.2209,0
408053.5632,0
427497.4592,0
261325.8273,3094372.842
909468.939,0
366488.0721,0
0,0
552956.0123,0
0,0
52954.04573,0
157517.7729,0
263591.2035,0
1489414.484,0
2278420.41,10644869.91
994256.6821,0
1517643.86,0
308637.567,0
654599.4998,0
941076.4966,0
0,0
1269453.755,0
754977.2208,0
547148.9415,0
363269.8567,0
608563.7958,7793340.429
184706.2302,0
960612.4389,10748224.25
920846.6202,0
0,0
0,0
693703.592,0
1068291.208,0
1238943.325,2541579.708
345876.4421,0
0,0
1194493.89,0
405557.6057,0
382527.1227,0
435997.0547,0
437407.4859,0
740038.3542,5695403.453
348643.1176,4253367.154
473910.5533,0
1613261.223,0
732103.2868,0
878277.4389,3722296.553
240859.737,2629668.561
1193285.337,0
264224.3426,0
519833.5905,0
433678.9318,0
2761605.354,0
1151898.48,0
0,0
1923593.089,5363148.662
604747.2069,6511432.569
0,0
356553.9867,0
2235367.203,0
223465.874,0
1078913.662,0
209308.9104,11289262.72
1296574.567,0
219041.9953,0
588415.0357,11270885.14
230636.7389,0
1766151.545,0
432026.1925,0
2092535.34,8283192.252
48306.41036,0
405871.4895,0
177097.5546,0
1056758.051,0
1385993.309,0
272995.0465,0
703891.9868,0
648718.8419,0
0,3527440.406
277835.0809,0
336066.8635,0
378944.2192,0
1152409.691,0
0,0
640856.579,0
241845.6201,0
884457.2025,0
156883.626,0
152829.7264,7823760.879
1741191.965,0
555171.1554,0
1205321.332,7687922.865
828900.6229,0
1505337.706,0
629892.3221,0
2733973.124,0
0,9364419.881
2292693.283,7353002.479
661585.6818,0
164902.4571,6821288.629
642523.2478,0
1026953.687,0
1918268.199,0
744146.8842,0
739285.5447,0
661281.0177,0
303068.9685,0
404959.9618,5186163.324
182499.5679,0
1445611.72,0
279193.2352,0
450437.3443,0
0,0
594949.9068,0
417260.0669,0
561010.3246,0
272059.7228,1229117.627
2548712.366,10719124.38
0,0
211716.2181,0
208663.1476,0
577791.4102,0
283116.4654,0
705527.5529,0
0,0
55010.81616,6511491.49
265748.0493,0
282211.8944,7311140.694
377784.4812,3613917.762
276870.4103,3356635.289
575016.8312,0
1437036.873,0
0,7841222.482
130849.1963,0
133819.17,0
1291432.737,0
685568.533,0
269222.972,10520075.57
1724753.645,0
1207588.885,11610018.9
1642334.959,0
638874.5202,0
124692.325,4220400.371
312973.2893,0
0,0
0,0
173147.9037,15512888.27
172224.2449,0
962157.2209,0
2096960.522,0
193414.0278,0
818445.654,0
478120.4523,0
689222.1217,0
1430594.403,0
168317.1807,0
1576669.287,0
277041.8769,0
196083.5724,2239726.299
0,9540086.872
262859.6739,0
181047.0975,0
0,0
100527.9588,6202174.725
356319.0375,0
0,0
107932.7108,1388398.737
1073305.416,0
0,0
0,0
268820.0885,0
456563.8211,7575041.466
795973.336,0
623810.3591,6303260.068
1608100.958,6339795.998
263262.2089,4406800.847
904326.8364,0
291315.7802,0
376847.9421,0
1284342.939,0
1594613.965,0
1193291.233,0
832512.2301,0
1831325.616,0
742728.8929,9090271.221
727026.3701,4758391.038
487630.1164,0
238750.1235,0
532696.7307,0
1027807.306,5371536.014
393377.3667,0
495849.6243,0
478228.0729,0
458529.9979,0
2077406.211,0
1045149.482,0
447123.3046,4729641.666
1718706.541,3983316.836
410154.6723,689368.6213
1417747.962,8280040.481
0,0
342286.3241,0
553386.3118,0
1135175.943,0
953748.3073,0
314163.4488,0
733431.3304,0
2076823.019,0
0,0
736606.4785,0
0,7838124.069
982469.2226,0
950245.3405,0
320704.9368,0
551444.0714,0
447655.8632,0
1038167.798,0
1063469.179,3557160.465
295671.0747,0
254077.5897,0
272936.9725,0
643829.6214,0
0,4735461.99
465608.7785,0
264335.1678,0
578266.786,5086651.309
401418.2349,0
653903.869,8050466.464
487180.495,2528695.624
0,0
339833.6384,0
905183.4438,0
139925.3002,0
199660.5195,7756373.493
310786.0254,2548543.169
0,11517141.54
433428.3784,6253694.848
1770018.607,0
207883.6797,0
600063.8382,0
579618.444,0
1211240.654,0
0,0
1365032.853,0
593550.8194,4607455.994
742261.8017,0
790776.0971,0
236978.6916,0
1025296.179,1888377.934
403501.9923,0
318233.2289,0
297735.2991,0
0,0
1913952.657,0
0,8297581.253
1334726.79,0
1213197.576,0
333438.0603,0
3072766.836,0
448116.4812,0
999668.6629,0
1313282.824,3993749.476
0,0
373204.5571,0
152948.9938,0
0,0
1056316.31,0
0,0
1956322.48,12211014.65
366968.9947,0
1107532.252,0
601266.6511,0
2173278.575,0
0,0
436966.0118,0
1239281.853,0
0,5834876.221
648450.3972,0
1724772.768,3138923.258
558726.349,0
1478340.981,0
718770.1679,0
1382849.126,0
866530.1539,0
967397.9085,4032175.901
0,0
0,0
500488.8461,0
334769.1312,0
526796.9133,0
788047.1367,1476235.277
1042080.507,0
659942.6936,2821795.377
1244759.889,1683810.776
187489.1335,0
349756.0936,0
320189.0702,0
322007.248,0
81502.33622,0
1530621.755,0
174767.0499,0
554863.5836,0
0,0
1138961.791,0
232438.7727,0
0,0
838247.3692,0
1102895.706,0
152330.8105,0
872090.3395,0
0,0
1116082.245,0
302274.3681,0
805547.3795,0
797643.8735,0
974446.7548,0
877135.1673,0
1249606.269,0
245916.1831,0
1573485.709,0
475984.7521,0
211751.3492,2576647.177
427086.7352,0
353455.2574,0
223900.4504,0
497844.3229,0
611428.9637,0
522824.767,0
268730.2075,0
248718.8451,0
857309.3339,13076244.77
0,0
2621369.433,0
431418.9307,0
482186.7688,0
516587.9693,0
329193.7262,0
1077963.091,0
610489.7968,0
631795.6385,0
0,0
538063.6707,7303331.319
470174.839,0
1429308.626,0
137980.1595,0
168696.816,0
789076.3989,0
1395659.877,0
69545.96724,0
1291042.817,0
379887.8115,0
556479.5348,3439875.592
3594062.02,0
397999.0681,0
1616432.633,0
1202924.844,0
790053.2045,0
566187.0756,0
158842.5091,0
489827.1327,0
1966891.518,0
0,0
1466002.846,3071571.469
670024.1762,5919123.23
1952387.889,0
2289769.985,0
299914.25,0
432645.9697,0
0,2563272.973
0,0
1979671.455,0
488349.3782,0
0,0
244694.9308,933415.8594
900163.5612,3333329.114
293140.562,0
0,0
878481.1532,0
473983.58,0
234884.5824,0
540933.3695,0
1013887.125,0
385435.9929,0
140546.9307,0
0,9116450.042
399697.2754,4756283.783
1069244.069,0
290612.4589,6750972.054
383150.2953,0
256221.4401,0
111915.9339,7763791.069
247068.9033,3536757.497
257277.7676,0
653048.584,1022763.94
1140379.497,6174163.72
969883.6263,0
0,0
368105.8538,0
657360.1003,0
673005.3499,0
226623.4736,0
331613.8974,0
331685.4049,15296611.85
202667.5913,0
116329.537,6388499.566
1603791.94,0
297361.9373,0
692638.5309,0
837197.6249,0
0,0
823347.5763,0
506343.3003,0
1739532.631,0
572880.0468,0
417453.1313,4565349.838
1330598.443,0
1730053.119,0
608753.3422,0
261419.6411,0
408219.4881,0
172057.917,2767179.09
119168.113,1022493.01
853135.0308,0
1286362.654,0
311830.3605,0
453862.8173,0
404530.2893,0
177620.2525,0
391616.095,0
880958.2552,5111995.602
1452663.192,0
1089069.725,8196364.217
0,7539048.949
478603.0754,0
661018.6745,0
0,0
1284361.792,0
315760.6083,0
0,0
0,0
219416.7459,0
363807.8978,0
659401.8476,0
242564.0879,5829185.589
1965986.032,0
0,1771260.136
216532.3607,0
589614.524,6849853.117
603581.1278,0
392029.3067,5161780.858
0,4490017.33
59077.53833,0
183922.0334,0
546075.1783,0
824196.4811,10318597.11
934550.4688,0
700639.1218,0
216822.7118,0
0,4360726.631
1272733.423,0
497290.8283,0
293448.6834,8440054.013
591879.0629,0
560234.7235,0
0,0
0,0
546439.1735,0
904621.325,0
0,4837236.117
0,0
0,0
1131397.848,0
417205.1377,0
0,0
344166.1395,0
743940.3248,0
83445.18863,6312816.572
2017059.343,10872572.16
410201.8775,0
203532.7497,0
1710493.406,0
419672.1805,6940120.794
0,6811410.459
543038.5743,0
573534.3457,0
258885.7051,6534299.46
689161.4053,0
908271.3621,0
450600.8532,8089816.921
168720.2212,0
293750.5367,2200869.669
856732.5489,0
225592.2446,0
539107.6917,5580219.048
0,0
91772.2327,0
290030.4936,0
2569275.374,0
120404.9938,0
818258.6141,9456319.02
0,0
1127352.172,0
0,0
392149.3039,0
504717.5248,0
0,0
135236.7877,11298732.14
688483.8701,6419907.909
519449.2932,0
603015.4404,0
377012.4023,0
497508.7867,0
202226.6324,0
0,0
471216.6524,2082108.653
536120.123,0
0,8335468.01
718363.069,0
259524.8868,0
398862.4428,0
141564.6804,5224597.718
772359.7373,0
803573.3347,0
405890.3855,0
349326.1048,0
0,0
284750.3467,0
400137.4714,0
402609.1791,0
531509.0536,0
1860207.337,0
184807.9476,0
326188.6413,0
671445.775,4305916.039
404940.2371,4371110.07
1860573.413,0
0,2605964.112
273018.7686,7602329.279
981702.7974,0
222563.7516,0
852413.6907,0
1010131.736,0
1043943.766,0
705878.0773,0
498612.5721,4337132.217
711927.5103,0
1846419.745,9918244.98
1335699.999,6484903.416
626908.7966,0
0,0
979858.8142,0
892785.8889,1232647.425
158926.594,0
550657.6442,0
1247525.849,6625237.425
1837240.836,3137015.666
1730249.536,8034867.681
762940.2669,5647871.164
0,0
0,0
312671.8735,0
1020657.713,0
695652.0325,0
609725.5035,0
365163.0557,0
421894.4588,0
561680.3005,0
1822392.045,8328308.318
1388365.545,0
112416.3601,0
1308439.408,0
303674.7529,0
292181.7349,0
56190.50609,0
0,0
329205.6641,0
430641.7139,4446228.4
296056.9083,0
533395.4651,0
409780.826,0
330506.8446,0
455522.9203,7830815.328
143660.3529,0
1216951.219,0
173191.3544,0
466173.5085,14863227.42
429765.6919,0
219182.8965,5507426.419
901326.2435,0
407229.2571,0
456064.8617,0
574800.2235,0
234865.0415,0
0,0
504505.8722,7118941.338
191806.6735,8021279.168
404804.6424,0
448618.5118,0
1684261.063,0
0,0
1327861.654,0
56907.69934,0
0,0
0,0
1137433.915,0
1011691.136,0
577280.0613,0
0,0
773376.6436,5660399.428
397920.8263,0
161667.4876,0
299111.7019,3799980.846
0,0
420747.5973,0
238191.9815,0
169975.9603,0
0,3668026.465
435207.0939,0
440533.4775,0
1045324.378,0
444484.2636,4327319.239
744337.9192,0
745444.9418,0
0,12816564.79
872678.4245,0
2140932.55,0
67362.07054,2815299.693
412867.971,0
0,0
231228.8931,5682414.953
1327482.191,0
0,0
391501.1214,0
105386.3121,5972712.824
315054.9614,0
911679.8049,10399805.18
244080.7845,0
202092.562,1454489.71
210251.2303,0
770696.4106,0
488458.9959,0
813738.2667,7935273.189
226411.6609,0
1148434.198,0
2041266.772,1961106.083
0,0
663626.8112,14312808.24
310928.9683,2007320.151
2463793.567,5351036.055
1151336.331,0
540761.8756,6223942.418
1219883.803,5771893.411
654822.9432,4188530.186
285409.0529,0
155811.3545,0
1317355.672,0
378069.9215,0
904441.4934,0
498102.2127,0
1779815.05,0
0,0
59437.47584,0
0,0
424389.5401,0
1014746.796,0
406259.17,0
333236.5371,0
635031.7747,0
472249.939,0
1594962.822,0
307466.9454,7253243.712
1154186.441,0
1553978.442,0
1078888.199,0
807866.1617,0
912664.7529,0
1511872.257,6495563.683
619466.7179,0
973496.5031,0
1460271.487,0
705624.146,0
0,0
548296.1799,0
0,0
665800.0451,0
799205.3061,0
1275559.317,0
1328773.022,0
763892.8019,0
606002.7343,0
197798.8896,0
0,10824152.1
45910.00076,0
2011139.106,11409920.84
138786.3123,0
513953.2744,0
676003.6764,0
0,3099602.03
406215.8241,0
467560.6121,0
188509.6851,0
741537.8488,0
1251136.018,0
658464.4177,0
472086.9187,0
565404.5339,6527426.199
192942.2778,0
1432203.81,2824461.755
408124.722,7203688.239
530419.5863,0
46891.02845,0
435859.6599,0
388373.5984,4313582.351
482326.3676,0
356546.863,0
218348.2439,6944009.964
0,0
444833.2501,0
442474.5989,0
1260399.701,0
154942.592,0
519586.1335,0
346933.3996,0
273201.2956,4097822.88
663976.6366,0
610799.5669,6354504.993
1224778.729,0
1661263.933,0
1938326.47,0
232700.7683,0
1149044.552,4948286.849
882284.3658,0
0,3711374.267
428150.8028,0
605101.5707,0
0,0
92159.47653,0
646128.9026,6013526.666
849542.353,0
248845.5377,0
2088283.579,0
1029376.46,0
310854.4715,4354439.97
383902.9007,0
911751.4917,6202636.377
186003.0251,0
0,8188285.431
174799.522,0
783144.578,7278527.827
402343.2851,0
192848.9269,5557002.453
2420807.169,0
717874.8195,0
1282057.526,5852332.975
167087.6674,0
68769.51756,0
692711.4882,0
789587.8255,0
433874.0302,2668065.123
1667410.952,0
214437.7689,0
155678.9204,0
918145.9093,0
118121.0092,5163358.088
77872.07357,0
1045424.403,0
1408231.819,0
359518.9165,9527697.106
251205.1357,0
401208.7349,0
282616.0556,0
1407348.526,0
0,4211402.74
1023432.751,0
0,0
0,0
570175.555,5026709.472
1129195.288,0
144138.6271,0
639804.0166,0
438663.8426,0
1271655.151,0
1996172.015,5219764.953
1702782.546,1910841.774
826399.7553,0
572017.95,9758479.706
724997.8831,0
331848.7254,0
1297191.119,0
952480.0494,4463031.778
479364.1902,0
2358955.131,4520916.427
233573.7272,0
4170395.493,0
720250.3243,10749158.57
0,0
357468.8913,1888759.441
199360.3429,5099561.159
407220.8556,0
713789.7927,0
689923.7712,6543334.417
292339.5932,0
0,0
872475.9739,0
453925.3216,0
822962.2111,4832221.532
225838.6273,0
1110239.676,0
126637.5525,9483821.741
1061397.683,0
207219.5765,5452697.773
268318.2278,0
464935.7197,0
257194.7453,0
602079.6324,0
1309957.616,2321219.244
0,0
0,0
232827.8255,0
1173444.278,0
657533.6703,11496684.91
1236078.017,0
380797.8,0
284053.9997,0
822575.3611,9939809.146
236599.3098,5632771.053
1027648.262,0
937198.3134,7383759.783
2161171.116,0
212057.5107,0
318005.9942,8491785.443
280897.3165,0
642254.0439,0
2183655.577,0
1151328.025,0
398465.6275,7499870.495
1030304.503,0
480706.9517,0
591212.1871,0
562976.5699,0
315465.8668,0
0,2691882.526
1010336.312,0
417014.6545,0
71531.06531,5158999.946
486383.2192,0
0,0
1116671.426,0
0,0
743061.8272,0
0,0
283504.331,0
529631.0759,0
0,5294079.181
527338.2929,0
401710.4814,0
785393.1954,0
171612.808,0
220056.8448,0
193917.5305,0
824280.6413,0
1235879.89,0
120358.0613,0
1134003.45,0
3396209.194,0
496614.3456,7645964.164
196300.4173,0
529475.067,5056806.069
0,5691777.22
1836837.353,0
0,0
0,0
807147.8739,0
343322.149,0
628957.2455,0
204903.0254,0
1157177.664,0
459106.6594,0
797119.706,0
698349.0809,6707102.337
363609.7632,0
703688.4442,4632837.218
231948.4982,0
137238.6678,0
0,0
728765.5789,0
1159348.106,0
1597963.689,0
0,0
1421659.648,7758220.548
815458.5514,0
342624.5092,1685998.636
358164.6283,6426363.866
869795.4247,0
669574.8812,0
1092566.834,0
151750.7967,5417317.528
2131391.091,0
445684.341,0
858756.6201,7638661.609
0,0
235909.459,0
410180.475,0
311424.8918,0
1765070.399,1895309.452
357226.1736,7030672.458
905516.071,10060392.04
454321.3187,0
124752.8838,4179512.69
1827438.145,6376868.393
1698589.486,0
474994.8484,3735954.181
505685.4649,0
370727.3727,0
0,2044562.593
314518.2713,5336923.135
1138984.43,0
390481.6501,0
327789.1952,5582602.435
333531.7144,0
912555.0385,0
258541.2265,0
125510.562,0
1403612.723,0
2774250.764,0
174535.5635,0
0,0
90724.49751,0
1166365.89,0
1881255.213,0
168349.7153,6753027.912
0,9977457.326
146622.9591,0
420141.9678,0
912077.6931,0
1654197.88,0
373621.4155,9736650.967
1043154.024,0
0,11256974.23
247989.1186,0
71849.85354,0
1515599.777,0
0,0
207789.9165,0
1376851.395,6144744.084
335415.4549,0
332279.6434,0
662587.0979,8317098.248
492492.0012,0
761433.7225,0
243425.3517,0
0,0
0,0
257982.8381,0
875941.7672,7931386.393
831868.302,0
0,0
684478.382,0
801530.7681,0
925886.0156,0
640484.6883,0
269648.7459,0
534222.7272,11390737.58
697056.1193,0
804456.7283,8060454.758
742901.7964,0
0,0
0,0
720507.0151,0
690493.0581,0
0,0
513788.5228,0
351185.0678,0
0,0
1172634.693,0
0,0
143291.5866,0
1203110.53,0
1279462.23,0
2365780.781,0
334883.3611,0
1247856.19,0
466177.5603,0
191609.6811,11249565.13
659179.4128,0
1741932.494,0
110685.4921,0
810177.7755,0
1561159.794,0
1200663.298,9837363.174
479622.0752,4358261.191
434523.4572,3223317.585
943084.0024,3662691.34
1311004.284,11720371.32
503184.2427,0
507872.3692,0
268956.8061,0
471282.0217,0
394389.4458,0
923385.1657,0
798900.147,0
1714418.93,0
1191539.731,0
1446252.382,0
691667.8768,0
571177.78,0
237713.4266,0
327521.3281,0
493763.6349,7325911.434
248339.2905,0
958100.6457,0
1126841.28,0
667974.2235,0
846945.4759,2263571.602
705710.4463,0
366723.5393,0
1855434.885,8388373.428
394206.7632,0
0,0
726260.7129,0
260876.1527,4185276.646
296237.8316,4461179.646
142876.3765,0
149085.8232,0
682736.2403,0
0,0
1954169.45,3631104.032
835058.9981,0
701710.9696,0
538509.9349,6788024.488
623866.4937,10246098.07
0,0
931859.9312,0
490770.4305,5095662.312
738588.2353,2862569.754
0,0
1203125.898,0
874867.9229,0
662757.6718,3428286.863
424602.6588,0
0,0
819884.8065,0
294409.7614,5571704.782
634900.4341,0
0,0
0,0
956572.4212,3153416.158
182756.5053,0
962405.1317,0
583670.7278,0
749556.2385,0
0,0
1377157.427,0
605752.2244,0
585256.8313,0
1151754.918,6601607.29
713631.9548,3757344.676
243309.6556,0
754719.1026,0
458211.6755,3764391.393
154552.9887,0
1680924.074,5456275.218
779289.0528,0
256317.4759,5267618.408
0,0
509078.3527,10832161.46
469252.1292,2581417.314
69298.33197,0
950286.6588,0
362532.9429,0
292443.1058,2449868.458
217813.5984,0
1717093.409,0
679721.5603,0
231785.9944,3264114.184
1099207.217,0
104021.3677,0
770422.4501,0
236210.9621,0
959046.3925,0
853020.571,0
180219.2694,0
619936.7288,0
1163691.205,0
465122.6714,5407051.244
523763.7018,0
608484.7574,0
1461947.144,0
1147075.272,0
647073.9005,0
423506.5073,0
508895.2763,2146898.052
100357.4272,0
362627.997,0
722210.78,0
332002.749,0
452595.3686,0
392963.9284,0
1507322.583,0
295778.9033,7686971.885
1747902.976,0
1426888.972,0
571663.6863,0
476323.0164,0
446064.5549,0
362973.7224,0
390742.682,7413455.339
528806.67,0
948580.1561,0
0,0
0,4564165.596
1193477.771,0
732806.0386,0
393399.3724,0
0,0
308966.1985,0
738362.1583,0
512365.9794,5117720.391
1074556.622,0
452929.3624,0
406072.1202,4926288.985
98538.90059,0
0,0
195106.2192,0
1223112.181,0
0,0
336460.0772,0
348744.2666,0
646916.885,0
219960.6153,0
441437.0653,0
370116.2636,6169993.813
191051.8284,0
397853.5272,0
2080226.916,0
175471.2885,0
584953.9831,4824628.068
50766.04776,0
0,0
0,4930011.137
152909.4888,0
62101.42028,0
336331.3648,6162666.629
0,0
601598.4195,0
907232.3294,0
317380.7766,5672652.682
1075158.523,0
1184254.296,0
142307.1118,9187941.01
936219.3128,0
252344.8653,0
676784.5746,0
427523.2773,2649407.411
0,0
819139.0216,0
3983984.541,0
0,14388431.77
2378914.85,4595445.944
560895.5422,10877927.57
0,0
140322.6577,0
1198026.973,3849928.649
904960.8142,0
431702.3421,0
171220.4309,2036662.616
257391.9255,0
1066915.062,0
256917.6241,0
206973.0313,0
210133.266,4788188.376
816769.671,0
691882.1843,0
189366.2902,2041555.828
0,0
255884.013,9021464.01
147979.6562,0
232926.8697,0
1605400.164,0
1364645.336,0
521865.4483,0
530772.8307,0
1086258.668,0
1438732.658,0
242049.9905,0
1188329.474,0
940383.5078,7982735.311
2508595.477,0
0,0
1193490.829,0
558605.076,0
2714428.563,8469976.209
0,0
0,0
1372380.74,0
455149.8231,0
685731.3792,0
0,0
357743.3176,0
674704.1268,6555518.508
515100.805,0
317386.9873,11337285.04
423526.6553,0
0,9732048.201
374041.8517,11630998.34
878060.2562,0
461678.4071,0
931312.0937,3486503.323
583443.438,0
0,0
1175334.964,3964980.847
357190.4183,0
474480.4599,0
597262.7144,0
1147829.187,3739959.764
450733.4358,0
685917.8221,0
1587059.655,0
273362.1375,0
120439.0315,0
807941.2914,0
847626.5335,0
344826.6316,0
593035.1784,2287171.208
0,3885086.407
1113287.01,0
518666.2196,0
1545340.646,0
484690.8977,0
603936.6691,0
359822.3921,0
319869.5605,0
1196114.186,0
503732.1255,0
694203.0981,0
632281.0745,4235272.941
472450.6888,3301956.05
519325.2608,544852.2951
1893001.873,0
266394.2406,8556358.506
1096561.814,0
710568.6303,0
865651.6441,0
213873.038,0
2017159.795,0
1236095.593,0
910356.0067,0
627897.5787,0
371236.5677,0
452241.0539,0
530599.7782,0
332498.5626,0
846478.2089,0
83660.55269,0
820098.6997,6916767.068
0,5837997.147
808322.5653,0
1290851.705,5969042.304
1360105.449,0
1565957.703,6786366.379
790251.0772,0
148441.026,0
481425.014,0
1183785.474,3513422.798
157361.0922,6575544.89
718159.7217,0
0,0
1066759.384,5189166.761
564629.3907,0
360133.0772,0
86764.41355,0
421119.1318,0
430977.8663,0
2314307.965,0
0,0
1811226.35,7450954.007
0,0
717049.5332,0
2742180.599,8329927.118
1389572.268,3889873.018
0,0
244226.2354,5361384.393
1899844.839,0
660285.1069,0
1470679.919,0
300058.566,6749786.897
227172.472,0
786914.7876,0
187104.6209,0
461314.2337,0
477995.7298,0
428590.8292,0
1453014.264,0
318472.6687,4828036.569
0,0
936749.1352,0
2152034.696,0
0,0
751761.6444,0
87578.1486,0
407880.5987,8891674.765
506204.6323,0
75208.93549,0
475847.4068,0
0,8278377.262
0,7476613.196
638576.1939,0
0,5999907.122
595639.0762,0
508433.34,0
394035.1971,0
189914.7994,0
216252.5478,0
734772.2601,0
0,0
2580197.204,0
1051197.309,0
1224526.424,0
454628.7866,0
779151.4593,0
1288601.083,0
354325.1749,0
0,0
0,0
849630.5483,0
489859.8181,0
1480872.569,0
484819.4632,4731060.879
496546.6562,0
1037086.713,0
396641.6301,0
670966.3768,0
0,0
204182.6879,0
380955.9236,5430600.943
581934.2272,0
0,0
568456.9558,0
450209.3718,0
408889.0563,0
73664.26278,2541376.441
0,0
384506.0774,8432711.584
107173.2782,5438895.987
514316.8836,0
408891.6412,0
130458.0664,0
0,0
451119.7379,2821322.479
878614.7836,0
325152.3617,0
489824.4219,0
324143.1671,0
421153.2483,0
533911.6767,4716885.753
660372.8529,0
574604.4907,0
508536.0754,0
274096.5193,0
559618.0503,0
246670.879,0
808293.0719,0
210622.9935,0
83744.73142,0
491068.0696,0
497601.4886,0
0,0
165601.9375,0
255473.7867,0
560197.3072,0
1729488.304,2540871.817
0,9526181.994
102946.1947,6386717.525
359365.2479,6813107.905
697614.6573,0
310052.805,0
123313.709,0
315032.8263,0
225389.7293,0
1139669.131,0
236452.907,0
192305.4319,3246026.157
246806.1325,0
549592.7982,0
1682448.794,0
752093.7306,6723148.488
943239.6794,5449072.802
927726.7013,0
1051707.929,0
731532.8853,14574437.86
467249.1756,7329521.634
150296.1834,0
0,0
1340181.349,0
159663.8511,4308650.792
453346.9603,0
119832.8251,0
456024.3996,0
885557.2194,0
2029307.332,0
1009008.939,0
1362680.589,0
0,0
0,0
1987418.172,0
0,0
449081.8767,0
1677866.841,6138211.336
305595.3173,0
461508.3234,5579278.548
116116.7609,0
630466.8588,0
407053.3722,0
458064.8067,0
1403238.256,0
748003.3444,2320619.614
210538.6044,0
830314.3335,3143391.177
513599.2432,0
2738497.442,0
552994.4324,0
139765.1791,5728879.493
245751.1494,0
768634.3582,0
1446746.57,0
419256.6267,4192013.813
0,6042227.894
1266502.332,0
319914.9772,0
1156016.389,4489706.499
537596.5659,0
627781.3485,0
942912.8399,0
657168.3897,14500732.68
448213.5825,6534815.379
0,0
260388.7728,12777882.16
479355.0434,0
569661.0823,0
730018.0978,0
655381.8181,0
0,0
219871.7173,0
136772.5807,0
2055585.472,250573.7335
1298616.29,0
585717.406,0
0,0
57575.52819,0
638287.074,0
1410026.519,0
273396.9255,4130596.453
80969.35273,0
2006907.83,8669218.729
235719.1828,0
0,6018348.238
336397.9149,0
695664.537,0
216957.6638,0
494008.8501,0
306205.8478,1820059.5
1411723.41,0
1005744.933,0
0,0
0,0
852980.6133,0
449536.8126,0
0,0
392821.2,0
176700.2724,0
1186485.354,0
588503.6259,0
652968.1943,0
356338.7865,0
303772.4067,0
1275104.113,0
410118.6769,0
0,0
258802.6991,0
1095923.273,1849442.388
0,0
451615.0237,8116691.146
246078.3799,12310880.34
259027.4585,0
0,4974967.52
313050.7828,0
372326.9372,3635707.943
265046.6254,0
253504.1261,10350269.97
242762.9305,0
670842.2652,2424781.379
1730184.604,0
611520.301,0
1736355.065,0
895251.7582,0
152966.3259,10518775.35
324664.5104,0
176631.1597,0
1051337.947,0
277442.487,0
256301.7316,0
260988.9618,0
922851.4756,0
111642.6618,0
1439069.594,7076183.162
0,0
448018.3105,0
1124151.244,0
163123.7459,9076580.377
462703.2037,0
1719774.992,0
466737.9502,0
3659637.981,0
177579.6083,0
326206.7341,0
2298445.249,0
1342871.081,0
1872648.84,0
0,0
2017298.14,0
1485780.014,0
1081602.579,0
943955.6887,1573594.784
384331.372,0
332048.2708,0
978697.2142,0
601293.2181,0
366748.7306,0
105752.9729,0
149780.8223,0
470488.1496,3959504.056
2242088.32,11819905.11
496255.5836,0
270412.8482,3882024.213
880848.4594,0
756019.3299,0
256465.4428,0
230372.2465,0
281886.495,0
408875.0966,0
786663.8128,0
0,1648679.134
498187.4513,0
827264.7536,0
342609.3971,0
169367.2527,0
293813.4068,0
427909.3577,0
296034.4393,2323706.978
328828.1705,1058835.724
435972.5391,5113186.816
249131.2806,0
569632.7902,0
2213567.225,0
842270.9816,3665208.158
1361430.163,7235463.403
665690.5809,0
0,0
907454.9619,0
914801.754,5686170.298
345238.7051,10043634.31
553932.0294,0
1211591.555,6050667.585
319473.4499,0
824522.805,0
764482.6886,0
627815.1799,0
549003.801,0
707649.8535,13720932.28
220745.7903,0
0,0
0,0
898824.651,0
525602.5467,0
1539269,0
884091.1466,0
1334985.267,0
1122543.731,0
1612941.56,0
2434675.638,0
748621.986,0
374776.2228,0
441932.7273,0
0,0
224890.1211,0
693394.5713,0
795154.2502,0
292068.6866,9024685.233
295654.9626,0
249382.4741,5296783.457
872794.7993,0
1074050.318,0
0,0
581838.7014,5867834.952
2134166.387,8859142.299
685563.4729,0
521937.7563,0
535688.6537,9032732.372
387296.6881,4724683.151
291328.4771,0
577452.0216,0
0,6234250.329
413155.1775,0
436445.1939,3677449.296
266998.6714,0
637671.4479,0
0,2634886.759
380897.6207,0
188838.5724,0
525369.2531,7464189.163
770010.9038,0
71245.76077,0
1138785.078,0
896388.1325,0
654236.1946,0
207115.9432,0
931983.2408,4985882.023
1399792.677,0
710927.5192,11719597.33
967102.1221,0
157407.6258,0
828644.2877,0
442501.0835,0
849950.9277,0
0,0
236825.3734,0
618457.8215,0
266242.5314,0
223249.6365,0
395962.9864,0
231307.3727,0
361396.3309,0
834163.391,0
839752.4746,7345858.841
0,0
142527.6412,0
325207.4019,0
0,0
1093218.621,0
358685.3276,0
0,0
536960.1617,0
537608.6726,0
284705.0835,0
1513129.445,0
171742.779,0
728652.0548,0
440622.4067,0
183553.6294,0
798951.2664,4674212.228
0,0
464960.4092,0
159191.8079,0
270487.0098,0
348457.9517,0
2224947.355,0
485557.3993,7459746.174
922982.904,0
610608.9918,0
695050.7647,0
0,0
680200.4617,0
491975.2885,0
0,0
0,0
900879.2136,0
662485.7307,0
2740390.373,6482970.56
856630.1741,3280020.274
0,0
791729.5452,6525666.362
622718.3505,0
0,0
424055.5434,0
491201.3216,0
1305762.423,0
760534.1234,0
290713.9524,0
769498.0885,0
290372.4661,0
284188.4776,0
2240084.598,0
552852.5929,1520900.35
0,0
723537.8618,0
758835.7904,0
602979.2807,2840731.244
76580.04464,0
1747640.057,0
355696.7729,0
265949.6831,0
507408.2609,0
1568688.715,0
0,7969757.586
1154983.493,5678252.239
0,10277217.78
1255614.057,0
857646.6755,0
0,5537053.995
132267.0663,0
1033668.918,0
146369.9141,0
964555.6528,0
982649.9745,0
358826.2535,8280858.146
0,0
0,6160216.667
1011653.474,0
903893.9263,0
896218.7226,0
226075.4096,0
527728.7965,7587168.106
233791.4452,0
370558.4715,6781256.444
309420.3203,0
1504240.681,0
331343.318,0
0,0
762568.0926,0
616801.6924,0
394522.3794,0
0,0
0,0
440622.0127,0
662563.6401,0
279932.8933,0
1783616.663,0
677481.431,0
0,0
314521.0919,0
360080.5601,0
111827.0553,0
1493484.147,0
387419.0781,0
476888.5131,0
522371.5885,0
887342.4365,0
1846047.262,0
713941.5594,0
373668.401,0
1045687.284,0
121313.679,0
250923.5704,6639975.937
1247822.095,3251544.418
401247.8206,5408197.113
418106.2087,0
0,0
520238.0486,0
1342136.671,0
0,0
0,0
1183394.809,5583269.061
662274.9558,0
0,0
0,0
190081.1016,0
0,6867691.508
0,10721822.98
907163.7135,4961553.436
504265.9871,6430030.058
0,0
1166650.09,0
799303.6304,8469481.768
1051129.174,0
180557.048,1159328.204
0,0
1388571.515,6491939.864
60333.58737,0
527441.0346,8666224.287
900231.4049,7430370.058
142165.4168,0
1334124.773,5689738.419
175629.2481,3605517.658
441649.6642,0
2131652.395,0
1129368.144,0
774172.3739,0
103683.3231,0
281005.143,0
248459.1153,0
3218773.706,9196431.604
1701047.702,0
669607.368,0
167281.3966,0
98289.16139,4016694.66
868765.5941,0
1038003.077,0
468560.0286,0
872385.2046,0
257215.549,0
1550474.099,0
356594.816,0
918843.9768,0
1035328.025,8663478.485
651053.4271,10919982.37
627909.4088,624981.8656
303690.3583,0
239499.8334,0
482560.6049,0
491162.4875,0
64508.07822,0
1138167.521,0
842245.8849,0
544606.0998,0
1296393.188,0
1251817.181,8693967.391
2480395.787,0
823197.844,7679482.952
337765.8666,0
320909.2173,0
2034818.144,0
425735.5179,0
588690.4691,0
0,8973316.045
698402.4234,0
361501.7855,0
266566.284,0
95187.95378,0
137994.7877,0
284746.7276,0
98328.11354,0
1528845.577,0
0,0
261106.1491,0
1368358.769,0
880481.3571,2217136.185
0,0
1573780.629,0
189112.7434,0
617282.9371,0
257264.0336,0
0,12139971.07
1249204.512,0
0,8443654.839
2543833.654,0
0,0
641936.1781,0
569290.055,0
1638922.372,5809068.881
1598305.997,0
1023606.917,0
142440.7157,0
1055977.598,0
1114121.468,11070739.8
169043.7536,0
381129.6793,0
1318562.683,0
917676.9249,0
411015.2724,8506378.557
598568.5029,0
837100.779,5155753.383
571232.5368,2401449.831
1207261.984,6918607.253
925844.2736,0
475887.4672,0
839915.5541,0
238436.2323,0
745106.7212,2099033.03
1429220.361,1313082.852
504936.1073,0
331558.712,0
2084737.525,0
429523.0358,0
368581.0048,0
168022.4572,1868259.396
302682.8767,0
222759.6207,0
305744.7579,0
401744.5331,0
770533.2588,0
942525.2904,0
396495.797,0
132209.6535,0
1282753.981,0
216829.3752,4105446.048
134304.5506,0
1079827.806,0
3040834.029,5855824.587
134892.76,6891983.686
397327.8626,2215231.953
650406.5123,0
1306415.219,0
70415.33957,0
666143.6256,0
459517.0336,0
1146271.7,0
0,0
748279.5103,0
82735.75619,0
100723.3818,0
427943.6573,0
0,0
932478.3398,0
508633.9045,0
1308281.293,0
114469.9938,6465347.399
313092.0915,0
473696.8425,0
1537922.629,0
0,0
972652.839,0
0,0
260528.6887,5001564.302
407697.2341,0
911879.9279,7901102.081
684106.0668,0
229538.5606,0
452288.5987,0
1866383.399,0
1297358.748,0
397473.5473,4961280.01
0,11546203.2
1340838.491,0
600187.2523,0
360670.7714,0
494887.1554,7206767.044
826224.2364,4477193.831
0,0
607542.5058,0
0,0
689229.3595,0
468804.562,0
650896.8853,0
1871110.079,0
119653.0987,0
177109.5366,0
799655.5002,7544139.682
0,0
139404.5595,0
240404.554,2558983.887
0,5945570.169
323161.2985,0
505891.4585,0
375220.9862,5225201.823
203850.2796,0
541703.8193,0
442847.6421,0
271801.0509,0
698165.8154,9424161.648
436119.6549,0
1120790.231,0
659698.6445,0
429816.6771,0
119279.6492,0
245397.8448,0
1588978.945,0
81814.29859,0
352659.7474,6599253.349
1716873.381,2575948.485
287744.5555,0
364490.0834,0
0,5438618.901
211198.7714,0
461275.318,7662865.984
452568.8579,8099792.063
198908.2898,0
467655.1037,0
1921906.845,3125318.79
2542450.431,0
281471.4576,5017285.049
1296577.256,1151002.348
981426.2601,0
2831468.133,0
327664.8113,0
436707.5344,0
0,2799511.74
782018.9143,9260706.723
1475419.821,0
984981.7782,0
1245481.948,0
634160.7899,0
398192.1755,7990093.467
384368.5508,8437545.157
0,0
1042151.365,0
534845.2561,0
172110.654,0
490593.4019,0
936308.359,0
427515.0273,0
123148.4407,0
857620.7969,0
1221058.853,0
293894.0554,0
133624.5403,0
1041189.71,0
1009757.422,0
227027.3963,0
838769.1353,0
810419.2429,0
1567634.52,0
144325.3714,0
1173765.568,0
0,0
795667.0638,0
243272.3542,0
444460.0308,0
0,0
707585.0957,0
1201983.554,0
422163.0799,6551146.156
675609.7088,0
405360.3505,6463118.307
480453.5799,0
1116857.223,0
925226.9484,2823493.67
331732.6055,0
767920.0957,5459466.077
1058182.122,2720888.129
0,0
140649.3608,0
198772.3872,0
0,0
785702.1476,0
920934.876,0
328860.4275,0
364406.9491,2278609.834
349962.6122,0
529678.3776,0
2888179.016,0
0,0
583319.2702,0
203569.1637,0
0,6345028.706
667286.3397,1340466.552
83296.97693,0
275763.4599,0
359752.8427,0
390192.1196,0
237710.9817,0
550070.9069,0
0,0
178996.7913,0
1256126.342,0
593095.3405,7443092.105
0,0
0,0
543766.1526,0
381020.1178,0
475914.0208,0
0,0
369773.7017,0
1623390.746,0
450283.5083,0
909760.216,0
414569.9089,0
429058.2331,0
169248.6255,0
350303.2236,0
0,0
1355880.498,0
970934.5064,0
736862.6954,0
1101043.17,0
629120.7356,0
696613.3116,0
212700.1849,0
172404.2814,0
1171197.362,0
580376.4427,0
0,0
612422.0246,0
1000794.108,0
315927.7079,0
433921.341,0
1089338.029,0
563964.4097,0
163578.9449,0
396037.5718,0
1735027.988,0
0,4843734.133
2285076.605,4009592.954
1287591.112,0
1643858.707,0
103016.9218,0
164494.5476,0
0,0
511142.7895,0
208197.3757,0
402759.7273,4415801.702
357014.9101,0
77472.53081,0
582009.4126,0
674864.653,3935864.054
583723.6737,7108185.632
413386.5138,0
374637.9583,0
164400.7845,0
512633.1612,0
611308.0957,0
1837032.399,0
437912.5406,0
638133.8875,8866795.728
0,0
370370.717,0
1408938.581,0
0,6501239.462
0,0
934409.5801,0
2326081.674,0
0,6403556.452
461558.4442,7964125.296
392216.6267,0
201468.4175,0
341607.1173,8274149.528
763490.0285,0
666893.8014,1171202.898
420983.6539,0
0,0
402316.4785,0
898546.2679,0
0,0
776773.9936,0
485886.4068,0
293714.441,0
952425.3847,0
407084.3094,0
1458491.516,0
794574.9585,0
1899083.711,0
929538.7325,0
720078.3322,0
579263.488,0
0,0
282442.9964,8736695.692
398971.2938,0
2039888.998,0
1271995.644,0
303624.142,0
677247.0538,0
325236.8782,0
856439.3684,0
556896.031,0
1570214.596,0
0,2918450.204
659317.6863,0
0,0
239646.8183,0
511165.0121,5843521.687
649185.4544,0
970946.774,0
143866.6319,0
759704.6355,0
1516492.076,0
314460.5334,0
1076800.494,0
380924.6514,0
801519.2092,0
2603100.264,0
2117787.648,0
174399.014,1515691.658
0,4276719.34
554249.4356,0
182120.6429,8609028.002
496301.4031,0
0,0
239772.1674,0
165096.7303,0
981104.6566,0
0,0
0,6570778.718
882428.217,0
92545.66491,3487746.64
2003173.522,0
473807.4809,0
2759602.689,0
0,4421412.327
0,0
169497.522,0
546778.1239,0
696614.9722,11742856.95
132952.6237,0
666336.2426,0
331476.2511,0
305627.9497,0
582711.466,0
960962.5541,7328968.849
506848.3051,0
935222.6967,11431871.4
0,0
1310702.122,0
1926441.875,0
1129113.566,0
316374.8529,0
677736.6907,0
609168.6727,0
261158.2059,0
0,0
728748.1023,4595916.757
1179776.631,10449010.01
802655.2321,5379415.139
466834.9584,0
0,0
452145.0587,6309720.516
1548313.557,0
315758.5097,0
291567.6202,0
1107228.318,0
1179387.922,0
323482.8896,0
0,0
999948.8185,0
423376.6896,7510040.343
549543.8525,0
0,0
2091890.097,5172476.394
330033.829,0
284840.0494,0
391583.6724,0
492849.9869,4592945.176
386180.4503,0
470925.9701,0
2911772.317,0
834679.5431,0
199159.2097,4446881.864
861752.9699,0
0,0
562210.3907,0
328519.9848,0
2413177.336,0
433675.4522,0
87607.17962,9054964.084
0,0
503278.5143,5909464.049
0,0
403096.1435,0
158292.1437,0
282945.1868,0
389481.9454,0
288346.3462,0
0,0
635721.2096,4757992.278
792845.9565,0
967127.5899,0
432079.3122,0
369613.5113,0
486940.7123,0
582601.3075,0
690838.4197,11061248.8
528228.0842,0
143034.0681,0
1114926.969,0
64850.63981,0
714489.0419,8538452.288
372551.6357,3008091.262
309024.0945,6407998.658
135926.4602,0
0,6049677.222
1197727.906,0
674317.3638,0
166683.979,0
217750.5423,0
204711.7058,0
1034269.639,4171016.244
482296.6532,14793051.72
400183.4293,0
221884.2301,0
1739474.572,0
1335582.498,7911739.293
579422.2289,0
342733.2287,0
676318.7609,4391591.114
648874.2477,7958833.78
449338.0074,0
774035.1743,0
374894.4055,0
873177.1605,0
0,0
0,0
489112.9455,0
394759.4384,0
393752.4977,0
782437.8861,4245361.291
79332.01688,0
0,0
542593.8059,0
1098076.786,0
1562933.737,0
418764.3342,2379192.85
601100.6302,0
249896.9863,0
2328963.137,11244528.39
1186764.67,7811820.919
572299.994,0
1110944.247,0
459809.866,0
475702.0247,0
105518.781,0
4356351.994,0
0,0
934139.8434,0
468297.9262,0
298800.5341,0
520820.6562,0
1087839.886,2223565.321
969454.7895,0
42043.16306,0
1039703.643,0
1003838.414,0
332404.1922,0
0,4190735.227
0,7572109.155
263999.7719,0
418865.5131,7945170.167
243826.7931,9423271.284
162619.135,0
358946.7282,0
394703.3224,0
0,0
315871.6108,3046145.507
731374.3616,6629723.201
1438307.106,0
499026.7743,4941117.56
1193333.965,0
527322.2295,0
0,0
622991.9154,4866864.367
772828.7355,0
1226828.143,0
1261052.139,11041315.89
1298664.493,0
203516.0136,0
1019783.542,621152.2287
1621178.453,0
0,0
889647.319,0
493655.2878,0
1501245.138,0
298401.3161,8897435.61
941735.2106,3910761.618
0,0
475630.9174,0
321434.8071,0
0,0
1204752.507,3928066.606
295813.2208,0
1099962.161,0
517852.1321,3421706.047
0,0
952783.6635,4990507.498
1998473.478,0
1149835.886,0
154513.8188,0
0,0
1038425.596,0
524537.3846,6543371.954
399220.8485,0
813411.468,0
1768323.436,12003555.81
0,0
637093.7866,0
1447349.106,0
0,0
361366.1388,0
1224181.198,858544.4308
1165191.603,0
504589.9543,0
321001.8106,0
1012808.489,0
262470.8766,0
380304.0497,0
991939.3153,0
0,0
705606.1953,0
0,0
395441.4597,5316838.161
0,0
298904.2648,0
517167.5395,0
2359501.585,0
657586.3377,0
122087.3002,0
1046347.95,8301780.519
632005.5768,0
841078.1714,0
320173.3065,5837572.75
1206189.064,0
2552628.411,0
1197465.067,0
141388.2439,0
2044255.352,0
408393.879,0
0,0
351285.2932,0
0,0
1052618.33,0
168261.4204,0
932415.2348,0
442810.1482,0
264971.1552,0
1546631.943,7084189.379
201127.7922,0
1664018.005,10466332.87
1376434.12,0
870441.2711,0
939476.1927,4112613.678
287563.4799,9549612.218
201258.9509,12390466.11
500106.6194,0
451597.3604,0
1360102.057,0
656829.5602,0
1082029.775,7217093.521
671887.1607,4743960.114
557692.2505,0
0,0
683752.7749,4290086.399
165276.7772,10147877.28
2434113.302,0
332369.1413,1804812.037
331232.2509,0
794796.1858,0
623126.5228,0
313880.5881,0
757635.2276,0
1435055.218,0
0,0
1657751.068,0
730194.0864,13079257.68
3058427.404,0
543573.0905,0
330252.849,0
853150.7328,0
1974498.098,0
275778.7323,0
1054015.411,0
272979.995,8651997.109
1714973.917,0
1385639.388,0
414666.8936,0
473972.524,0
201589.1961,0
418976.561,0
495754.3715,0
1063787.357,0
0,0
286831.1065,0
945246.2444,0
1512384.42,5915012.936
176193.7391,11817581.8
309844.3926,0
301970.058,0
1402199.006,0
1830670.253,5253707.406
1771173.297,0
315194.201,7879592.5
0,0
497581.8466,0
1567643.512,5926435.374
1592277.608,0
151744.0356,0
436363.2144,0
829624.192,0
868810.3982,0
0,0
1164625.671,0
0,0
576865.13,5050560.887
832652.5826,0
362836.4707,0
1746591.689,0
682034.3151,0
1789493.656,0
960589.4502,0
294017.2069,0
562330.3153,8297674.442
311739.5711,0
0,12684930.13
973360.8714,3574279.019
0,0
285042.7341,0
898305.7369,4523961.418
535381.64,0
2544033.902,0
975539.2699,0
652140.2164,0
0,0
791224.5388,0
0,0
1113180.993,0
0,7452179.738
650830.5516,0
99975.20513,4357827.637
231550.5561,0
557661.3824,0
557787.4729,12287826.96
0,0
303988.6639,0
341521.348,0
422856.3535,0
221016.5341,0
136723.1044,0
0,2710454.006
2040632.899,0
340300.2653,0
522652.1944,0
142042.9348,0
117124.7674,0
759052.3031,0
0,0
488025.4505,0
420463.0489,0
0,0
583679.7695,4740180.847
165204.5327,0
311905.5566,0
350067.9071,0
1439472.58,0
0,0
531777.1928,0
2982570.496,7985205.135
1027491.645,0
305592.8133,8501402.129
1108155.201,0
433767.2098,0
1469244.437,0
419348.8622,0
960263.2561,0
681305.7032,0
1073770.806,6936582.706
0,1670088.694
1701300.996,0
349782.2634,0
2745933.028,3680708.812
211596.6194,0
816334.7524,9575562.657
621741.2727,6703739.328
458297.5207,0
1859508.407,0
443861.8346,0
246469.8201,9309584.339
174984.4936,6653744.311
947744.7389,0
799757.2471,8078959.467
305767.4808,0
461209.3062,0
713777.5199,8747616.449
2115202.322,0
0,0
462684.2842,0
400751.7409,0
220428.0312,0
1282564.366,0
763059.7117,0
342002.4555,0
226971.9347,0
395631.9266,0
109814.2803,0
1905760.634,0
296775.8355,0
598611.8266,0
273798.9833,0
265924.806,0
953548.3313,1383343.488
448818.7735,0
886852.3766,0
538221.9758,0
1151779.059,0
2010013.146,7014523.56
445357.6715,0
128348.8851,2777041.887
816287.3134,0
123061.6909,0
1128344.481,0
833353.9608,0
132704.9854,0
497584.3436,4312996.196
851419.1047,0
675137.03,0
383978.535,0
1204194.763,0
575846.2436,0
519705.6751,0
247375.5456,0
944436.7344,0
0,0
2243004.032,5356193.676
372920.1947,0
1929919.193,0
350377.6076,0
629806.6529,0
475188.6068,5445321.675
565906.7537,0
476133.6261,0
230989.8654,0
952126.1798,0
362818.66,0
284467.7085,0
885432.8843,0
654602.8767,0
0,0
858843.9818,0
537843.6786,8336038.509
188441.9716,0
914198.0781,0
231696.2555,0
807963.5135,0
811117.0139,10970953.88
567979.3506,0
2057437.335,0
240114.6224,0
95835.1109,0
600744.5344,1927814.524
0,0
663179.8107,0
840596.2765,0
790810.4268,10767716.6
1012982.966,0
913080.3782,3925403.098
150729.9394,5763639.602
696441.8926,11812418.32
2067750.58,0
118636.1225,1961339.998
395573.8382,0
197823.3124,0
630928.1523,704790.5796
686606.05,0
544591.3878,0
178620.2439,0
340596.5639,0
0,0
0,0
664268.291,0
464319.1428,0
0,0
313341.0891,0
568810.9766,0
229957.0511,0
0,3083259.951
1663689.549,0
1471867.631,0
275735.4791,0
247680.0968,0
0,7372665.331
576656.9131,0
533005.321,0
519829.2528,3919902.719
812482.8697,0
260096.954,0
359827.9564,0
496549.9408,0
1623818.608,0
324159.9172,0
1107558.189,0
139792.7667,0
1648829.749,0
536111.0943,0
836956.1726,0
705982.5031,0
407233.9592,0
521911.9973,1633209.67
682136.5787,0
241259.183,0
106603.5593,0
142739.3487,0
1033173.721,0
619561.1136,0
575674.1151,0
752715.3242,0
939495.7545,0
1111900.106,0
728409.2132,0
382625.548,5101984.574
1396106.779,0
462159.1045,4141234.57
897069.1707,0
719528.4131,0
558628.777,0
1095676.082,0
2567821.644,0
400762.0648,0
0,0
427754.2326,8462388.132
466586.245,0
466608.3083,0
413822.4446,1950441.262
108816.8025,5794304.468
465525.0432,0
0,0
0,0
342423.5707,0
824181.7769,0
0,0
569411.347,8103906.783
0,0
513883.2032,4641625.25
0,0
979599.6925,0
968629.53,3259725.73
479219.7592,7533431.982
1675970.718,0
596095.9716,0
1021717.35,0
458796.7642,0
1025985.695,0
1726801.185,0
715427.3641,0
349863.042,5494897.329
548499.3555,0
174375.5707,0
0,5491149.672
0,3286950.102
0,0
0,0
628961.0263,0
381890.0051,0
341621.4615,0
1026531.066,0
297679.0513,0
871091.0664,0
0,3930872.978
0,0
1433640.698,0
101545.4985,0
1338962.749,0
541135.9596,0
421692.5232,0
666043.0416,0
760702.8388,0
1429588.458,0
206007.1804,0
755976.5868,0
1530241.913,0
908774.019,8786522.567
1532608.019,0
389658.4578,0
688272.0224,525314.1817
489671.5847,0
253353.4474,0
0,0
1236270.505,7818979.933
772576.572,0
654883.5442,0
45886.42116,0
420194.0423,0
729158.167,6685276.306
0,0
0,0
569593.8169,0
568976.8695,0
318267.9726,0
658399.9912,0
102987.3677,0
56878.97324,0
797002.5328,7477123.654
1023851.803,0
414291.7267,0
1594940.811,0
120587.1553,10238372.12
1036042.7,5967062.693
0,0
639898.4854,0
2413541.188,0
165463.5617,0
274444.7466,4549971.304
239274.0242,4936667.845
832274.7163,0
862857.4747,0
877276.9652,0
477191.0627,0
203579.7312,7514990.128
157799.1949,3977516.356
508909.8917,3927169.337
356103.4622,0
1140728.434,0
0,0
613316.4711,2753168.946
763406.0972,0
781188.1629,0
297590.5534,0
237344.3944,0
545333.6357,0
503975.5498,0
317702.9959,1632497.512
771228.9446,0
703772.0492,0
889225.5732,9949322.798
832689.095,4599208.079
562748.7365,7091221.614
601321.7928,0
392235.3222,2069810.033
478452.6232,0
270176.0331,1457083.336
94571.58188,0
772841.562,8196602.458
639996.7897,9629813.946
640452.6219,0
643380.0944,9343159.672
0,0
208297.9295,0
0,7645921.623
133694.1242,0
2542593.557,0
680042.059,0
250110.9381,0
232281.8223,0
319049.9307,0
0,0
709985.8829,0
0,5198743.228
982077.9441,8980701.205
1614451.996,0
0,0
763643.856,0
0,0
2934930.876,0
127638.2982,0
407707.9565,0
971739.1443,0
3741447.186,0
260524.3143,0
1129826.195,0
291714.4494,0
1202845.23,3762433.644
325769.0952,8125912.315
258540.0105,0
1550411.494,0
327610.0299,0
720510.4656,0
610133.3363,0
505390.3602,0
894241.0704,0
75069.059,0
1029730.56,0
0,4799308.133
429160.0386,0
0,0
267156.5681,0
557637.2332,0
929757.8232,9219214.73
669430.1815,0
484102.6561,8673234.171
457985.2913,0
0,5046078.495
536845.9764,0
370458.6351,7285341.339
148288.4764,7907943.82
123074.4042,0
869534.9187,0
0,0
397949.1534,0
338611.5804,0
203578.415,6628574.391
607977.4707,0
435570.9127,0
404595.7691,0
0,0
2439544.765,0
0,0
128196.289,0
0,2271682.389
1392322.851,0
275518.4018,9887738.423
195230.3613,4941808.037
871463.3308,0
1607000.7,6526201.235
784640.7886,0
332635.9693,0
279753.0067,0
687800.6834,0
394216.5481,0
649249.2108,0
461568.344,5376621.938
359712.2054,0
516792.4833,6271127.07
350085.2687,0
348419.1885,0
273684.2498,0
804576.0196,0
548855.103,0
428860.1337,3577916.621
899972.5087,8597069.633
393172.7714,0
224447.01,0
909368.5773,0
1949085.175,1237423.078
669088.6327,0
253477.1119,0
1032025.228,0
250722.7562,5964377.85
579712.5623,0
0,2901460.202
788824.2991,0
1206819.71,6097014.637
326146.1635,10145736.22
1036097.078,0
694765.7314,0
0,0
1057510.874,8089952.842
523234.5085,0
323609.622,5435733.311
518020.6394,10173688.6
711551.7326,0
333533.6964,0
812778.8482,6126209.38
260111.2363,0
360815.3506,0
246637.0172,0
455912.9948,0
972170.9365,0
1696637.118,3284426.168
1477843.688,0
285626.2348,0
888305.5778,6781395.163
503486.4861,0
217180.3802,6881308.769
0,3659021.534
0,0
686186.5751,0
493164.0166,0
337644.128,0
428076.6219,0
837076.1832,0
184359.9819,0
303780.5023,0
630578.7334,0
1661963.591,9043921.019
456884.9491,0
0,0
0,6375442.048
0,0
614180.5391,0
655028.2039,0
300078.1078,10047882.61
431037.7403,6846602.68
1460767.328,1906183.66
539985.9359,0
761772.6134,0
670803.9807,0
1673620.274,0
322706.63,0
419527.2669,0
1229379.701,2043020.58
253851.6467,0
1501796.53,819313.9859
164576.2056,0
0,5998999.533
0,0
285631.8921,0
98481.10374,0
392388.0572,0
750175.952,0
728965.4272,0
235834.1559,0
646013.5244,0
1961493.896,7486096.727
508782.3077,0
469009.1332,14144496.16
1236628.308,0
240386.4189,0
414323.6129,10318987.1
0,1531620.634
1238757.099,5813383.543
0,0
323550.4405,0
364580.0015,0
2438098.11,0
336439.468,0
714330.3579,8663263.939
490692.1069,0
723892.4469,0
836112.6053,0
196345.1839,0
82397.87361,10566495.24
307797.8119,0
629461.9582,7227622.737
989051.5291,0
461495.1205,7673463.612
0,0
0,0
2464962.257,1664475.606
866859.4842,0
1070676.978,0
532230.8289,0
668075.6661,9767933.937
566333.5019,0
1076384.671,0
642983.9445,0
1301385.058,0
0,0
364650.8944,0
0,0
518860.2896,0
281156.8465,7069896.409
0,0
225108.5148,0
0,0
250314.5504,0
0,5342240.217
498344.0978,0
557800.728,8551902.944
143492.1154,0
0,0
0,5393255.88
391805.1069,7683775.41
1996630.416,0
333798.1362,0
0,0
273267.083,0
425702.2485,0
345831.7245,7127740.594
186756.3527,5914245.161
0,0
0,0
568009.3144,0
617170.3305,14640895.77
312344.9045,986228.0635
1763617.14,0
1239182.764,0
0,11267056.53
759775.8978,0
414188.5447,6587900.632
534002.6401,0
0,0
338473.7697,0
289930.1884,0
1003054.027,0
220737.5853,6725619.13
497742.2916,4015166.183
756886.0612,0
0,8980183.657
160963.3716,0
747651.702,0
0,0
429340.8302,0
512040.8599,3520451.938
353211.5314,0
54494.70754,7818047.153
827014.2825,0
580895.6722,5294316.404
430882.2628,0
263428.9952,0
2611819.449,0
482706.0283,0
278279.3284,0
332683.9927,0
1433707.664,0
987353.8091,0
608254.6766,0
626862.995,0
234405.1175,0
768683.9938,0
0,8991767.362
479809.7877,0
1349152.955,0
346238.9678,3246535.358
797682.3291,0
546209.2691,0
326389.1959,0
743599.3893,0
1002121.649,2459398.583
833123.0947,0
1225261.251,0
470446.231,2867215.445
692049.1111,0
358632.3568,0
486774.571,0
180814.2993,0
135001.8342,8042945.148
1102046.714,0
1930596.972,2053674.691
223899.1252,2844996.015
429058.2976,0
1476233.189,0
0,0
133065.3277,5995681.42
469494.2455,5388341.008
0,5632253.588
544482.0799,0
300517.3721,0
0,0
232458.0742,0
203593.9646,0
727080.6779,0
657226.9684,0
749078.9664,0
462428.4381,0
878554.8979,0
824813.4241,0
392758.2699,0
955389.7358,0
883075.2138,0
526189.0633,7451799.075
86105.12992,0
0,7282340.444
296862.5221,0
0,0
936351.3887,0
577312.9544,6851759.198
0,7596541.803
428398.0146,0
240934.7867,0
0,0
725231.2381,0
896933.2931,0
460811.7777,0
786908.1934,0
893676.2773,0
1012858.813,11313630.05
613312.0662,0
574758.0064,0
0,0
876127.8746,0
380928.6777,5290003.521
73921.19508,5767896.968
2056340.642,0
316080.5384,0
302207.0838,5775684.284
282653.778,6291297.564
0,6031751.758
687268.3443,0
118525.7442,5927808.461
835873.6961,0
0,0
838529.5606,0
2332949.141,6615980.372
3540683.099,0
0,0
84621.99579,0
171929.3996,0
175677.3952,0
459130.9928,0
419075.9087,8079066.085
2465151.792,0
730277.7917,0
713911.7967,0
103446.5529,0
593429.4992,0
252097.4294,0
897665.3449,0
0,0
2366316.191,0
0,0
750677.8911,0
204558.1138,0
319445.2594,0
530616.1515,0
2985096.037,0
401202.6779,0
162544.6119,0
435809.0117,0
1032007.493,11241538.39
195575.4276,0
535045.3284,0
355421.7439,0
87694.92937,0
385576.8696,0
1152417.351,5637519.221
402298.7965,0
422875.5717,0
691332.1306,0
716983.632,0
883106.5463,0
1287303.026,6648173.238
876683.4089,0
170317.8185,0
215268.5639,0
177735.5321,0
600989.1509,0
422855.4439,0
136902.3178,0
749512.8408,5523755.973
1556437.554,0
0,8286305.584
1163464.044,6520105.697
1109841.942,0
163663.6477,0
1170803.541,0
334084.0185,0
333579.957,8418179.898
826896.5887,0
817591.3656,0
504711.3701,0
223583.5998,7635041.889
786635.0592,5990664.977
104494.8295,0
807752.8477,1136726.133
0,0
531516.6658,12379394.62
854291.2929,0
244379.4836,0
675302.5753,0
1281156.633,0
441275.8786,0
487253.4415,0
0,2989614.55
0,0
551840.4937,0
285374.9831,0
910946.7953,0
476801.2335,13134046.11
486461.5073,6194193.363
626330.8694,0
1122876.892,0
228648.2818,0
864908.4099,7110994.482
305107.3008,0
213442.5668,0
777216.8991,0
791861.1164,0
425592.1513,0
275859.1283,0
427462.1348,0
0,0
0,0
0,0
364533.6452,0
496951.7632,0
983292.9981,0
690881.4144,0
771896.7366,0
69094.87351,0
735826.9774,0
436179.1642,0
270147.3597,3900163.57
207547.6888,3573389.09
114645.3632,0
408098.0416,4567759.162
1803208.244,0
168254.9771,0
779658.3439,0
1665719.621,0
1908412.728,0
0,0
821735.4655,9219596.156
0,0
290295.9507,10007758.13
128011.4001,0
0,0
0,0
473877.5346,2124962.481
107424.1148,0
140406.1088,0
208147.3769,0
0,0
412222.9888,0
374882.2107,0
494476.3986,0
925063.7087,0
704399.9562,5519991.999
1523661.989,0
3249796.347,0
297532.1937,2501045.189
357971.195,0
863761.0516,0
604875.9438,8783435.306
93853.63097,0
937093.101,10566286.42
505469.6106,0
592292.9646,0
376810.8432,4742174.101
354272.2472,0
305610.255,0
282845.3284,4591039.319
319979.2712,0
1806315.08,0
772353.0932,8969209.008
830770.586,6595608.986
995290.7103,1953327.633
245968.3126,0
930514.434,0
1477513.948,0
341535.2015,0
608548.3487,0
1358082.962,0
602939.9269,4556166.625
165318.0455,2239245.823
0,0
0,0
525157.737,0
726573.5405,0
290872.3367,4955984.202
647897.3159,0
517723.2191,0
433688.6238,0
197834.762,0
612105.5015,0
269936.6257,0
750452.0076,11312504.02
708301.8183,0
1280758.805,0
282642.5924,0
371563.9026,0
411751.5033,0
876022.6401,2836712.352
508831.6245,0
180689.1879,0
1592359.773,0
289834.364,0
558603.9077,10961312.57
422696.0952,0
284101.1825,0
911464.6549,0
560004.1346,0
745088.2133,0
849299.1785,0
435604.2649,0
311806.9684,5259485.195
122809.9583,4174535.423
390401.4072,0
554843.3483,0
307668.1315,0
490193.8271,0
366400.6924,0
666573.506,5046292.653
1449645.125,0
267268.0328,0
1407448.755,0
301883.4166,0
251071.6022,0
0,9884352.02
152415.9974,2315028.167
474826.5947,0
0,0
105368.0286,0
1234670.634,0
768679.4347,0
496677.2072,0
291545.3999,0
1089937.934,7837868.672
876603.4556,8337996.696
873314.6135,0
492230.5725,0
1453849.872,0
364498.6536,0
0,0
107663.5266,0
959566.9724,0
2437596.562,3899280.235
246520.9833,0
252392.1798,0
1158720.375,3458939.317
202374.2224,0
970684.6514,0
1077409.36,5365187.435
480820.9134,0
398984.1574,2818777.918
1741483.077,0
768328.7359,0
504748.9983,0
0,0
337884.864,3812435.489
0,6044555.466
0,6589046.891
2913473.757,0
1329293.957,4139988.915
333686.7606,0
772726.8397,0
337247.1689,0
1477100.267,6486406.556
540191.2634,0
1193528.615,0
281690.9142,0
234086.9372,0
655002.9862,0
448175.7229,4646532.006
89486.71848,0
2102051.907,0
2574826.449,6080041.768
294889.7987,0
532654.0221,7460645.852
776432.2613,3548662.301
0,0
626556.7722,0
0,0
789129.5826,12087827.37
388701.8671,0
1122516.987,0
662269.7849,10334153.67
1036189.867,0
617062.9605,0
767133.7993,0
430946.3564,0
223163.2766,0
1186441.125,0
147737.5961,1726634.747
0,0
579899.6674,0
368941.9415,0
159296.2566,0
79912.6954,0
131118.9517,7418040.534
1908626.896,0
361379.1873,0
67987.51305,2909420.836
1007366.772,0
281952.2113,0
209187.2312,0
562655.8241,0
977811.3376,0
421822.6326,0
270931.7053,0
1199808.709,6557750.587
511848.4442,0
0,0
255351.3205,0
127066.1556,0
99602.29712,0
0,0
203021.0796,0
205526.0645,4501766.228
261759.6816,4977318.422
428096.825,0
1116573.932,0
627351.7951,0
1056333.249,0
0,0
218597.7947,0
1297794.395,0
494873.0275,0
159164.2467,0
539964.8823,6975521.42
976134.0131,4068461.512
402378.3617,0
1670432.438,0
230436.9189,0
513537.8709,7125859.61
369457.953,0
419219.1366,0
216794.9153,4783654.383
0,0
154373.537,6430579.598
0,0
751339.8965,0
735297.245,0
0,0
842389.4095,0
331929.5402,6207640.623
681915.5853,0
234897.3259,0
534365.1149,0
269377.3041,0
0,0
1562786.199,0
398758.1987,0
1369036.771,0
140354.0836,0
511623.8473,2935761.883
222626.7949,0
2230509.801,0
1084931.89,9023684.44
0,0
71467.49433,0
478029.6152,0
0,0
446685.9658,9158293.683
609974.9709,0
443543.1637,12038281.32
701962.2452,0
310219.6615,0
3636859.965,7357814.077
1377602.692,0
730657.1584,0
910131.3515,0
1191279.932,0
110876.6867,0
1205878.152,0
1297893.231,6319369.637
0,0
724631.7726,0
189910.4662,0
1119173.865,0
196978.0635,6003839.693
388837.404,0
1087298.027,0
0,0
884462.7289,0
439184.1867,5607997.501
856207.775,0
672440.7284,0
229046.989,0
362316.2443,0
520652.5131,0
1469170.485,0
694255.2432,0
2368857.115,9054105.819
556737.7697,0
633316.3,0
1029478.115,0
252847.792,0
1291415.183,0
1804694.692,0
83732.0399,0
1825023.719,0
0,0
515844.8562,0
1696751.727,0
533894.5684,0
0,0
691740.4147,0
1001165.144,0
1337562.399,0
1562680.733,0
325696.5998,2096390.561
107277.0258,0
384853.0173,0
1701194.157,7946624.598
467817.0038,0
225513.6629,0
0,0
219413.1301,0
732121.4106,0
219876.8555,0
1637062.263,0
213271.7213,0
529518.9517,5783750.63
288096.8275,0
445086.0892,0
1071262.773,10259192.76
522509.1821,0
1231356.069,7308077.824
0,0
598368.8997,0
649294.6159,0
1369477.847,0
125497.6586,0
1175468.924,0
158938.8733,0
0,0
515451.0428,0
850953.156,5871470.834
565357.3622,0
1559009.852,7096598.163
115213.7244,0
942650.6143,0
1953280.139,9602105.703
299850.0908,0
1402509.566,0
1297884.594,0
670097.9752,0
169307.4101,0
1874127.929,0
270554.629,0
935066.9009,4685046.634
270207.6893,0
361848.6892,10770674.67
952407.9848,0
575472.5355,0
1011342.38,6037850.883
151514.3215,3516284.899
0,0
345954.5457,8543686.095
1462619.267,0
1005528.73,0
440995.3427,0
625218.0191,0
241047.7891,0
127651.3923,0
532630.732,0
96694.91381,0
620453.0223,0
0,0
680219.013,0
160471.8771,0
1298874.417,2235257.242
0,0
1457487.12,1459064.756
874046.8738,0
118363.4659,0
475885.0175,0
183180.6302,0
675032.1362,0
84811.01599,2530692.412
0,0
1348976.068,0
474293.1618,0
2590569.449,0
218140.0266,6970447.25
72736.22528,0
0,0
822188.7355,4296689.471
1906370.299,0
319945.1246,0
374254.9039,0
838733.2682,0
570528.0025,8162488.316
0,0
1490625.341,0
729499.3561,0
972953.3844,0
297133.548,0
385828.6803,0
972324.6551,10183188.04
0,0
505349.5157,0
177652.7729,0
722292.558,0
554015.7694,0
223991.7577,0
170521.5853,4254308.571
463910.9182,0
263641.3465,0
190621.2375,0
768442.2208,0
1191389.662,0
59442.9044,0
314828.3166,0
227989.6927,7025107.905
416521.4832,0
774706.4182,0
417410.5674,0
0,0
156224.0418,0
0,0
1136044.45,9895023.701
475330.6431,0
0,0
163274.3391,0
810369.5571,0
1254537.473,0
489217.0097,0
618986.9199,0
462658.6315,0
0,0
353085.1102,2382458.627
926882.529,0
439702.1319,0
480471.6713,0
636364.8311,2080390.02
1298566.618,6802425.266
1137894.807,0
688653.3845,0
354200.9924,0
935474.9071,0
893999.4097,0
479527.5185,0
430368.0536,5823083.769
839195.6493,0
1138136.411,1957055.222
0,0
837035.4352,3651492.685
508812.627,0
957721.4882,0
0,6540939.537
455208.4223,0
499955.2804,0
582407.4794,7371832.987
781980.6902,0
1634172.117,9215399.17
731323.2881,0
564792.2406,0
1815273.114,0
514841.0461,0
748267.1032,0
380410.2544,0
0,0
416354.8558,10148500.38
0,0
399347.5263,4845118.655
155939.302,0
820714.9163,0
344642.1452,11135790.4
1101617.896,0
402560.6062,0
0,0
1484526.84,6117662.468
275717.2952,0
458856.2268,0
1184452.002,0
831238.7806,0
210881.571,5988717.055
914793.6179,0
368303.6124,0
471920.2987,0
307114.3572,0
0,0
196679.0397,0
1682230.037,0
463698.6639,0
0,0
157315.1758,0
1683737.186,2595775.674
750652.2099,0
1401072.202,0
226643.0629,0
572702.7523,0
766696.0614,6328821.936
411635.2154,0
0,0
1947045.062,0
0,0
819348.9698,6244124.248
306507.9462,0
404101.1257,0
470190.1729,0
300328.3784,0
1286095.959,0
655936.2447,0
846152.5342,0
1040645.713,0
0,0
1580438.021,0
421918.1387,0
896574.6323,0
820281.398,0
386824.0092,0
615661.3715,0
789348.5892,0
244527.9954,0
475014.2475,0
842274.1264,0
925073.6916,0
0,0
3044166.466,9708900.07
1137369.042,0
0,5617173.787
534846.3141,0
0,0
190008.7729,0
0,0
0,0
202907.3374,12328947.01
700092.481,4294641.469
1035004.585,0
0,0
116952.8288,0
1229380.056,0
117034.2582,0
891485.4389,2930086.655
752659.9554,0
361782.2355,0
422321.303,0
969204.7408,0
711531.5012,0
467374.9205,0
0,0
522126.5441,0
613477.5009,0
971965.8017,0
686753.0747,0
1452910.234,0
0,0
254255.8004,0
441951.3197,0
1063745.713,0
79601.29355,6091496.202
0,0
258519.5613,0
251471.3179,0
420576.9591,11169392.54
126384.4161,0
0,0
831045.7669,0
0,0
138787.2443,8833904.982
0,0
0,0
582055.809,0
596154.9259,0
270667.0837,0
681749.7221,0
2248680.205,0
174263.8651,0
543222.0915,0
234313.6152,0
565567.7177,0
885360.4455,0
0,0
149130.1352,0
465681.6533,0
1718403.998,0
0,0
506816.9809,0
1275718.973,0
0,1865203.379
833762.4216,0
199887.4527,0
767965.4046,0
501752.6312,0
357773.4328,10722448.41
109795.2914,0
874358.6352,0
233782.427,0
1965249.179,0
708366.2484,0
1311902.203,0
637674.6658,0
166840.6595,0
243633.0428,0
754409.705,11272547.84
636981.6498,3674373.445
696505.3066,0
0,0
0,0
334614.0538,5733699.672
732307.3223,4965627.714
351049.757,0
984401.508,0
567558.292,0
0,0
2030572.35,0
248234.2053,6530899.11
0,0
0,0
541243.3599,0
423363.7469,0
145127.9785,0
636890.176,0
358021.0935,0
163388.6133,0
597535.9299,0
3036767.953,5585321.003
403746.353,0
628291.5155,9190235.751
366972.3556,0
467532.1506,0
0,0
395601.7176,0
209740.9506,0
732501.7006,0
1016829.002,0
417917.8276,2717312.6
650457.2099,0
411362.8083,0
565546.0173,0
474383.471,0
357550.6166,0
211536.0541,0
0,0
229609.7247,0
355574.7397,0
261818.125,0
305720.4915,0
0,0
358792.9024,0
1351813.332,0
1728956.664,0
845865.0071,0
1895065.534,0
0,0
1235116.737,0
714633.7939,0
669999.7406,0
623793.5634,0
695780.1958,0
209470.1423,0
161628.6669,3287493.125
1832182.923,0
1140320.171,0
0,0
0,0
0,0
100164.3897,12903974.78
848001.2765,0
311078.4972,0
641264.2602,0
551802.9473,5568481.638
820332.712,0
338342.3857,0
935479.5434,0
243104.7245,10090349.53
911793.3298,0
1091066.094,0
573286.0424,0
382769.0783,0
221766.791,0
403227.279,0
381164.3543,0
309099.5192,0
492914.8909,0
1433224.238,0
228089.9339,0
1238439.382,8370391.491
1170943.004,0
588071.9804,0
1154363.874,0
286113.7653,0
709403.0275,0
408615.9172,0
526881.0286,0
241183.2515,0
199365.5972,4860615.235
0,0
123791.6224,0
619628.5023,0
595105.8056,0
1394017.854,9574363.734
1177931.688,0
380461.526,13106865.79
504531.5481,0
0,0
123748.421,0
0,6512830.489
369812.0841,0
1165476.205,0
607030.4658,0
264373.2553,9369567.82
851358.811,392465.2226
233400.2927,0
199014.3721,0
1369955.324,0
0,0
998553.9068,0
1654437.665,0
1157654.778,9599826.54
833628.9767,3680424.618
224154.7903,0
439493.0256,0
387689.0698,2401071.64
121600.7884,0
0,0
1240454.926,0
0,5634473.921
0,0
684015.4039,0
119291.0559,0
348124.9166,4760187.346
608039.2751,0
0,0
609964.4566,1240082.315
503609.0348,0
55039.95038,0
137042.3969,0
625012.9279,4444822.877
909520.1506,4887910.455
87749.02946,0
1901768.194,0
265213.2969,0
318079.5785,0
391069.1358,3642072.244
1676301.882,0
0,0
173073.661,9568721.215
268654.7915,0
415824.7426,6434520.841
674544.0735,0
640802.6892,0
1354968.182,0
2556983.606,0
787721.3378,0
0,5363317.793
131907.4857,0
1064009.297,0
0,8198190.863
756224.5521,0
445365.4194,0
368601.2309,0
0,0
126761.8181,0
470566.6327,0
455296.2001,3345438.483
913041.6234,0
309232.3545,0
252480.5021,0
257185.1796,8246543.471
356737.6925,0
0,0
1344716.267,0
576273.109,6112376.994
514272.044,0
676019.2735,0
0,0
351994.8434,0
624121.6273,0
611626.1746,0
258555.9427,0
139637.9686,0
0,0
0,10532723.96
661592.0967,0
0,0
278340.9576,0
1207493.604,0
0,0
818349.0929,0
917867.712,2972012.301
512790.941,0
785549.9999,0
1064679.51,0
845366.3757,0
128661.6562,0
506325.0819,3963278.142
186908.3709,1955710.957
540871.5968,0
1077636.208,5510450.419
447056.0303,0
692184.9371,0
1838859.27,0
383432.8928,4093926.903
856515.2246,2559757.215
338625.9865,6254333.524
2044061.742,0
0,0
610742.2439,0
2311730.474,4600561.921
302300.0313,0
456833.7734,0
0,7588232.432
938841.1526,0
377005.9589,0
1484553.304,10128395.61
0,0
245406.853,0
3342705.111,0
0,1725010.871
630602.2985,0
375228.847,0
764811.2368,0
0,0
260851.3296,0
1525796.075,0
945152.366,10377574.84
471698.1559,0
1873758.518,0
217632.6739,0
731658.9016,0
126061.4799,0
220009.8996,0
865379.0939,5900943.28
672016.6698,10707918.4
1834008.286,0
2517006.665,0
152014.5008,7550366.261
376375.5731,0
486447.6839,0
543532.5849,0
438376.71,0
438426.3518,0
442314.313,0
661372.9767,0
664164.3663,0
221053.7523,0
311466.428,9380595.291
394351.4507,5372211.37
400385.7266,0
429409.5649,0
537202.4444,6381476.817
1029819.259,0
0,10029693.15
822348.4754,0
934088.9328,0
556916.7343,0
541239.562,0
2124890.768,0
1308304.894,0
343004.4206,0
332352.8919,0
0,0
238191.7584,0
0,0
0,2650821.19
939580.2834,7367241.847
183204.6773,8601540.932
704696.2943,0
967268.4289,0
697528.2207,2641820.296
523491.8192,0
166962.7793,0
604268.9303,7850860.774
1399449.868,0
0,0
0,7025834.288
670752.7688,0
439793.6433,0
545252.4016,4929606.347
311227.8263,0
2220045.936,0
0,7701459.322
229750.532,0
607419.3653,0
1486800.363,0
902476.1588,0
121563.2432,0
253105.782,0
232615.4856,0
144220.0205,0
482523.2242,0
744268.0674,0
490692.4375,0
249229.8147,0
474033.3891,0
468027.829,0
4220668.492,0
0,7388487.077
749058.6694,0
111731.0969,0
945686.7898,6959065.648
406002.8456,0
597679.6599,0
0,0
201066.2555,0
250210.0911,3323212.779
951024.8361,0
817230.8705,0
175963.4431,8726104.715
2267259.028,0
1302278.785,0
360754.5491,0
0,0
1306130.096,0
292183.7361,4758132.056
3033659.429,4220284.464
495312.6001,0
269028.8467,0
212873.5293,8514749.716
580360.3847,0
428663.5378,0
800429.7891,0
0,3030692.859
2505834.932,0
200097.5122,0
506278.5519,0
0,4326075.915
0,7454175.781
0,5961518.393
1830527.325,0
811566.7155,5254087.778
472001.9084,0
378061.3504,0
651280.4994,0
0,5664996.389
263690.6644,0
1034441.797,0
2483081.949,0
906931.7906,5217615.543
1288460.994,0
134865.8062,0
724642.6791,0
0,0
1067970.231,0
287655.1796,0
284585.7227,0
0,8512334.508
1134247.115,0
966810.747,0
0,5696569.642
482765.817,0
682919.6016,0
892565.706,0
353730.1206,0
730184.4778,0
0,0
1665438.922,6761429.024
288394.285,9778272.046
1576615.23,0
662632.0731,6848064.834
259733.0579,0
301799.2381,0
153864.2995,0
220485.3916,0
1022335.339,0
383740.0156,0
1248057.9,0
321234.4006,0
1246668.434,0
299969.1792,0
1827547.015,0
182569.0119,4643870.762
0,0
0,0
899396.2406,7445540.954
462736.4358,0
227072.2036,0
915724.0103,0
626608.6982,5243533.852
275852.5091,0
0,0
893684.4504,0
1415734.46,5072833.024
0,0
0,0
61469.86138,4093687.252
486956.799,0
1166764.927,3576231.198
513527.9657,0
0,4267586.61
387922.2941,0
1009347.327,0
388216.417,0
189209.873,0
724079.0845,0
936884.415,0
820244.6182,0
668456.1596,0
409764.4612,0
704780.0023,0
0,0
357145.9074,0
174399.4099,0
555517.8254,5651246.489
79193.85985,0
1097148.593,0
0,7484483.676
457046.9144,0
320099.7554,0
881399.587,7503070.842
0,0
909393.6352,0
2189244.102,0
177636.3314,0
206900.7277,0
413674.9371,0
1036575.263,0
341727.6312,4179827.238
1303591.867,0
364010.2254,0
315432.6074,0
466838.7296,0
676460.8296,0
759921.5389,0
0,0
1738369.495,0
735610.9187,0
1451026.408,0
0,0
632201.0538,0
971077.7437,0
492324.4785,0
404176.5492,0
578957.7687,0
0,0
275484.117,0
525441.052,0
2098621.532,0
1344853.308,0
306371.3927,0
789953.5322,0
401419.6458,0
714989.3098,0
1226304.469,0
2232639.681,0
0,6828791.468
466208.1099,0
1004861.323,0
1720596.076,9533234.687
603579.6877,0
538015.7247,0
288662.4229,0
3368047.177,0
242037.3758,0
769273.785,0
1238714.531,0
370564.3583,7737114.066
1670656.753,0
0,6079377.347
189013.8363,0
0,0
1159957.798,7883918.563
453992.3738,0
61785.27716,0
0,0
249810.7967,0
269795.713,8002342.756
361535.1504,0
322300.2793,0
762074.3182,0
939008.4505,0
1420094.148,0
0,0
298799.0332,0
0,0
123207.9019,0
425633.5173,0
289492.0868,7151580.104
341832.5202,0
739265.9389,0
369634.511,5441908.164
975854.8994,0
224181.1846,2559174.65
696108.1227,0
798254.4636,0
1893386.548,0
874576.3749,0
0,0
1594531.017,0
295336.2982,2498641.435
277057.9546,0
308680.125,3537580.406
416290.6662,0
1075072.494,0
449601.0676,0
509039.5476,0
960873.244,4095181.367
262850.855,0
0,6720415.136
1578828.38,4733254.629
192099.4174,4778280.879
1043231.723,0
1337906.481,8602175.064
482309.2372,11380787.64
864763.8391,0
662067.8579,0
708439.8269,0
744020.6633,0
197051.8733,0
1196893.739,0
439765.4152,0
686305.9519,0
835272.8051,0
447216.3197,0
363030.989,0
338967.0113,0
429456.746,0
397813.249,0
1033579.828,0
793797.8105,0
1588716.513,0
0,9540496.141
305390.7467,0
761477.1391,0
600311.3378,0
0,0
1017665.931,0
264490.7817,0
3026015.272,7759892.807
197238.4958,7272797.029
507636.6259,4048888.545
336094.1261,0
804046.9167,0
358832.6605,0
0,0
301002.4119,0
373798.4433,2570909.811
332674.7674,7282525.855
587969.3058,8398277.757
1066783.482,0
396750.4393,0
941472.6673,8032227.404
560814.5238,0
304683.255,0
172801.4887,0
207567.221,0
896697.3261,0
269044.4734,0
57540.54751,0
510935.5174,0
851708.5232,0
0,0
508861.4513,9383847.494
820031.2534,5565940.333
1555373.409,0
114440.7512,1357682.699
1301895.732,0
2511243.663,0
606532.0647,7738695.766
278614.6585,0
609613.0397,9365106.61
652911.8044,0
1585906.263,0
86383.01138,0
299536.8268,4671051.016
1251362.999,0
378453.515,0
100207.4615,8311235.333
0,2094745.37
1015216.294,0
439118.0731,0
412925.2727,0
648418.2616,5192906.418
440593.6758,0
183642.6911,0
1350653.014,0
907725.4107,0
252028.5993,4019014.282
958358.9952,0
475210.7385,10324555.17
0,0
1220619.183,0
325895.742,0
846584.6286,0
1213283.106,0
0,0
0,0
676916.2737,10081442.08
137347.1066,0
119334.6416,0
780667.4962,6919177.523
2046194.262,0
1194293.004,0
274518.0824,0
751269.5186,0
0,6739597.316
448212.6071,0
265117.884,0
996343.4887,0
2094684.136,0
139583.1539,0
1059443.054,652390.006
689676.2391,0
381173.4162,297991.986
1176261.821,0
813593.0915,0
0,13936560.57
606200.0939,0
1330425.423,9358844.089
525148.9303,0
779042.2325,5627730.17
207259.2132,0
439178.2211,7030031.352
446176.1221,0
654208.406,0
161605.8708,4527973.112
398694.6281,0
211640.1973,0
246360.3474,0
427487.5514,0
318481.0002,0
866970.9894,0
0,0
157331.5705,0
842941.0532,11353638.21
0,0
1664866.468,0
264624.2159,0
283651.1873,0
1085666.805,0
2714294.746,1844704.176
573767.4724,0
301645.9965,0
796980.061,0
333336.9758,0
279007.6943,0
650707.8072,0
1818795.768,0
329227.972,6887212.271
746434.1181,0
0,0
709930.1365,0
0,0
721534.1788,0
710381.2283,0
269965.0541,0
197810.7872,0
420214.0943,0
116906.8073,0
169409.1884,0
413745.5965,0
692994.9523,0
0,0
142215.0854,4598100.05
685588.9879,0
462699.0205,0
333807.4526,0
333329.1326,0
1046085.064,0
361112.6982,0
1197471.869,0
863940.8674,0
